CAF26,CAF34,CAF42
e3v819c-20200807T1509-1609_f3128-f3148.mp4,e3v819c-20200827T171404-181405_f670-f679.mp4,e3v81a6-20200914T182237-192238_f36758-f36781
e3v819c-20200807T1609-1709_f4344-f4377.mp4,e3v819c-20200827T171404-181405_f47977-f48007.mp4,e3v81a6-20200914T192238-202238_f17837-f17849
e3v819c-20200807T1609-1709_f13545-f13555.mp4,e3v819c-20200827T181405-191405_f11469-f11483.mp4,e3v81a6-20200914T202238-212239_f4627-f4643
e3v819c-20200807T1609-1709_f13812-f13817.mp4,e3v819c-20200827T181405-191405_f12633-f12641.mp4,e3v81a6-20200914T212239-222240_f24414-f24427
e3v819c-20200807T1609-1709_f13821-f13838.mp4,e3v819c-20200827T181405-191405_f20078-f20084.mp4,e3v81a6-20200914T232241-002242_f37820-f37835
e3v819c-20200807T1609-1709_f16213-f16226.mp4,e3v819c-20200827T191405-201406_f8734-f8749.mp4,e3v81a6-20200915T002242-012242_f43313-f43326
e3v819c-20200807T1709-1809_f33907-f33916.mp4,e3v819c-20200827T191405-201406_f42115-f42144.mp4,e3v81a6-20200915T022243-032244_f28799-f28808
e3v819c-20200807T2109-2209_f25048-f25062.mp4,e3v819c-20200827T201406-211406_f47171-f47192.mp4,e3v81a6-20200915T022243-032244_f43964-f43976
e3v819c-20200808T0209-0309_f2732-f2742.mp4,e3v819c-20200827T221407-231408_f1719-f1728.mp4,e3v81a6-20200915T042245-052246_f36200-f36214
e3v819c-20200808T0209-0309_f4200-f4268.mp4,e3v819c-20200827T221407-231408_f3770-f3781.mp4,e3v81a6-20200915T052246-062246_f2662-f2668
e3v819c-20200808T0209-0309_f4936-f4943.mp4,e3v819c-20200828T001408-011409_f39764-f39773.mp4,e3v81a6-20200915T052246-062246_f16565-f16602
e3v819c-20200808T0209-0309_f4954-f4967.mp4,e3v819c-20200828T031411-041411_f37063-f37072.mp4,e3v81a6-20200915T052246-062246_f35563-f35573
e3v819c-20200808T0209-0309_f6435-f6449.mp4,e3v819c-20200828T041411-051412_f14507-f14519.mp4,e3v81a6-20200915T062246-072247_f4108-f4116
e3v819c-20200808T0209-0309_f12801-f12816.mp4,e3v819c-20200828T061413-071414_f13400-f13408.mp4,e3v81a6-20200915T062246-072247_f48753-f48763
e3v819c-20200808T0209-0309_f31576-f31588.mp4,e3v819c-20200828T111417-121418_f23615-f23626.mp4,e3v81a6-20200915T072247-082248_f12148-f12148
e3v819c-20200808T0509-0609_f17306-f17315.mp4,e3v819c-20200828T111417-121418_f32019-f32021.mp4,e3v81a6-20200915T092249-102249_f14127-f14133
e3v819c-20200808T0509-0609_f17328-f17367.mp4,e3v819c-20200828T131419-141419_f26915-f26935.mp4,e3v81a6-20200915T092249-102249_f26430-f26437
e3v819c-20200808T0709-0809_f11652-f11669.mp4,e3v819c-20200828T131419-141419_f32067-f32070.mp4,e3v81a6-20200915T092249-102249_f31573-f31591
e3v819c-20200808T0809-0909_f40558-f40567.mp4,e3v819c-20200828T141419-151420_f38155-f38176.mp4,e3v81a6-20200915T112250-122251_f14180-f14211
e3v819c-20200808T1109-1209_f45118-f45130.mp4,e3v819c-20200828T141419-151420_f40068-f40099.mp4,e3v81a6-20200915T152253-162254_f5221-f5243
e3v819c-20200808T1109-1209_f46895-f46909,,